,FECHA_DOC,PRECIO_UNITARIO,CVE_ART,COSTO_TOTAL_CALCULADO
0,2022-01-05,434.48,TUE00244,52.8
1,2022-01-05,1264.05,TUA00028,327.18
2,2022-01-05,551.61,TP0007,1243.73
3,2022-01-05,140.0,TP0001,38.96
4,2022-01-05,172.41,BP00242,203.42
5,2022-01-05,237.07,BP00243,98.82
6,2022-01-05,14000.0,RP00165,5323.76
7,2022-01-05,94.5,TP0001,116.88
8,2022-01-05,1615.0,TUE00207,517.89
9,2022-01-05,1615.0,TUE00207,517.89
10,2022-01-05,1615.0,TUE00207,517.89
11,2022-01-05,1615.0,TUE00207,586.32
12,2022-01-05,1615.0,TUE00207,586.32
13,2022-01-05,1485.25,BO00051,86.22
14,2022-01-05,2095.25,BC00023,742.05
15,2022-01-05,192.5,PT00070,397.08
16,2022-01-05,771.28,TP0011,248.0
17,2022-01-05,125.0,PJ31C1F1AA00,425.69
18,2022-01-05,821.3,WRE-2133,393.48
19,2022-01-05,821.3,WRE-2774,530.41
20,2022-01-05,496.35,WRE-4885,82.29
21,2022-01-07,938.53,MR01934,443.27
22,2022-01-07,718.52,PT00080,259.35
23,2022-01-07,898.25,PT00081,332.65
24,2022-01-07,1500.0,RP00150,0.72
25,2022-01-07,1848.0,TUA00009,3245.66
26,2022-01-07,485.0,TP0011,620.0
27,2022-01-07,375.0,TP0012,264.83
28,2022-01-07,2005.46,PT00044,978.77
29,2022-01-07,1299.32,BOBINA001,9163.18
30,2022-01-10,856.04,TUE00247,1771.42
31,2022-01-10,1299.32,BOBINA001,9163.18
32,2022-01-10,601.23,TUE00320,178.6
33,2022-01-11,150.5,PJ31A1F1A400,689.45
34,2022-01-11,215.96,PK31A1F1A400,783.24
35,2022-01-11,382.1,RP00172,5.76
36,2022-01-11,485.23,RP00173,45.01
37,2022-01-11,945.0,BN00232,289.05
38,2022-01-12,259.6,CBS00045,2594.17
39,2022-01-12,938.53,MR01934,161.73
40,2022-01-12,12720.0,TUE00321,4527.42
41,2022-01-12,619.21,TF71E1120A00,915.42
42,2022-01-12,505.08,BO00052,819.14
43,2022-01-12,1328.0,TUA00404,3980.31
44,2022-01-13,599.05,TEE00025,197.51
45,2022-01-14,803.0,TUS00049,140.29
46,2022-01-14,785.25,TUE00322,363.75
47,2022-01-14,615.85,TUE00323,499.77
48,2022-01-14,385.2,TUS00020,194.24
49,2022-01-14,2150.0,TUE00328,195.26
50,2022-01-17,531.0,TUS00003,426.47
51,2022-01-17,385.0,BB1 1/2X1/2-300W,220.0
52,2022-01-17,500.0,TP0008,211.36
53,2022-01-17,835.5,TUE00324,484.95
54,2022-01-17,895.5,TUE00325,471.13
55,2022-01-17,1264.25,TUE00326,319.8
56,2022-01-17,1264.25,TUE00327,313.8
57,2022-01-17,605.0,RB00010,178.8
58,2022-01-18,337.7,P7J6C1D1A030,4.02
59,2022-01-19,558.14,CS12E2040A00,138.46
60,2022-01-19,558.14,CS12E2040A00,138.46
61,2022-01-19,1412.0,BC00024,1668.42
62,2022-01-19,1188.0,BC00025,1343.05
63,2022-01-19,663.0,BP00241,574.91
64,2022-01-19,495.8,TP00016,316.8
65,2022-01-19,2177.5,TUA00258,2181.22
66,2022-01-19,505.23,BN00236,323.25
67,2022-01-19,985.1,BN00237,422.72
68,2022-01-20,2644.28,TUA00364,3182.95
69,2022-01-20,522.0,BP00245,102.76
70,2022-01-20,255.01,BP00244,291.72
71,2022-01-21,551.25,PK31B1I1A000,2408.67
72,2022-01-21,364.55,BP00051,52.48
73,2022-01-21,662.0,TUA00400,139.82
74,2022-01-21,1475.3,ECQ-00972,8264.95
75,2022-01-21,999.91,TU5/16X230MM,600.9
76,2022-01-24,1450.0,TUE00146,3726.73
77,2022-01-24,1450.0,BO00054,2162.98
78,2022-01-24,1450.0,BO00055,2027.79
79,2022-01-24,415.0,70001693,907.73
80,2022-01-24,272.0,TP0004,771.29
81,2022-01-24,1025.87,BE00010,231.15
82,2022-01-24,1587.25,BL00011,330.39
83,2022-01-24,2985.36,BL00052,771.42
84,2022-01-25,566.64,TUS00086,85.89
85,2022-01-25,431.5,TEA00058,1151.56
86,2022-01-25,528.3,TEA00059,1579.75
87,2022-01-25,1880.28,TEE00026,292.75
88,2022-01-25,150.0,TP0003,1425.02
89,2022-01-26,98.0,TP0001,38.96
90,2022-01-26,830.25,TUA00410,1090.0
91,2022-01-26,473.28,CS14B1010A00,27.08
92,2022-01-27,1659.6,TUA00350,436.54
93,2022-01-27,107.76,TP0001,38.96
94,2022-01-28,499.0,PK18J1F1A400,113.22
95,2022-01-28,900.0,RP00176,742.57
96,2022-01-28,1189.0,TUS00064,480.08
97,2022-01-28,1435.0,TUA00078,1108.78
98,2022-01-28,495.0,CS38E1017A00,134.84
99,2022-01-28,125.0,TP0003,71.25
100,2022-01-28,175.0,TP0025,75.89
101,2022-01-31,2625.5,PT00082,2428.6
102,2022-01-31,2464.2,54020219,2082.15
103,2022-01-31,2068.5,93980461,2597.36
104,2022-01-31,925.6,PJ14F10B0600,387.87
105,2022-01-31,1517.63,TUE00057,435.3
106,2022-01-31,498.85,TUE00331,97.52
107,2022-01-31,2629.5,BT00005,167.3
108,2022-01-31,535.09,RC00024,104.4
109,2022-01-31,1195.84,TUE00332,673.13
110,2022-01-31,1572.45,TUA00124,647.84
111,2022-01-31,2375.5,TUE00063,1744.19
112,2022-01-31,2080.85,TUE00129,898.7
113,2022-01-31,2118.0,TUE00008,406.61
114,2022-01-31,1250.0,TUA00401,281.94
115,2022-01-31,617.0,CAS00066,268.86
116,2022-01-31,510.0,BB00077,75.53
117,2022-01-31,197.5,TUS00052,13.38
118,2022-02-01,1000.0,TU5/16X230MM,226.23
119,2022-02-01,425.2,TJ00087,520.79
120,2022-02-01,485.5,TJ00088,274.16
121,2022-02-02,385.0,BB1 1/2X1/2-300W,220.0
122,2022-02-02,3892.24,CBS00002,492.92
123,2022-02-02,197.5,TUS00052,13.38
124,2022-02-02,871.5,TUA00407,174.76
125,2022-02-02,375.29,TP0005,318.0
126,2022-02-02,1100.0,65014-38,493.89
127,2022-02-03,565.4,CS12G1040A00,90.18
128,2022-02-03,351.64,MA00001,627.33
129,2022-02-03,988.25,TUA00412,587.54
130,2022-02-03,828.69,TUA00414,747.79
131,2022-02-03,657.58,CS12J1075A00,397.28
132,2022-02-03,1125.0,TUE00329,130.78
133,2022-02-03,1125.0,TUE00330,134.36
134,2022-02-04,913.4,TUA00143,2842.01
135,2022-02-04,462.0,BB2X2ST,220.0
136,2022-02-04,2665.3,TUA00405,395.14
137,2022-02-04,1579.6,TUA00406,141.65
138,2022-02-08,1800.18,CBS00001,6315.25
139,2022-02-08,533.6,BN00112,603.18
140,2022-02-08,720.0,RPISTOLA01,967.82
141,2022-02-08,1877.65,TUA00408,1599.82
142,2022-02-08,972.0,P231B1AF0500,2239.95
143,2022-02-08,1899.18,TUE00334,329.11
144,2022-02-09,1022.5,TUA00400,336.79
145,2022-02-09,3859.99,TUA00415,1255.77
146,2022-02-09,1054.0,TEA00004,665.36
147,2022-02-09,2399.01,TUA00082,2276.4
148,2022-02-09,1143.25,TUE00098,236.48
149,2022-02-10,568.65,RC00026,250.49
150,2022-02-10,3053.25,ECQ-01444,2373.3
151,2022-02-10,705.5,TUS00002,431.66
152,2022-02-10,813.1,TP0016,444.0
153,2022-02-10,357.85,TP0026,227.19
154,2022-02-11,866.7,CBS00099,1539.68
155,2022-02-11,514.25,TK00062,675.84
156,2022-02-11,307.5,TP0005,87.1
157,2022-02-11,1046.11,CBS00100,595.19
158,2022-02-11,300.0,PK31B1G10000,334.89
159,2022-02-14,1991.0,BN00055,548.24
160,2022-02-14,759.17,CS38M1050A01,424.72
161,2022-02-14,788.05,CS38N1050A01,601.92
162,2022-02-14,420.0,BL00053,73.84
163,2022-02-14,945.0,BN00232,299.62
164,2022-02-14,345.0,BP00246,95.16
165,2022-02-14,994.64,BP00247,310.77
166,2022-02-14,738.4,BP00248,290.42
167,2022-02-14,1452.18,BN00115,150.74
168,2022-02-14,197.5,TUS00052,104.34
169,2022-02-14,336.93,TP0010,106.55
170,2022-02-14,568.26,CM12G2075A00,539.13
171,2022-02-14,2259.43,RP00177,143.11
172,2022-02-15,447.42,TUS00111,85.71
173,2022-02-15,2174.6,TUE00148,337.19
174,2022-02-15,919.0,TU5/16X230MM,226.23
175,2022-02-16,145.0,TP0002,102.71
176,2022-02-16,375.0,PT00057,789.1
177,2022-02-16,2625.5,PT00082,2428.6
178,2022-02-16,594.83,TU5/16X203V,2606.27
179,2022-02-17,2278.45,TUE00081,863.66
180,2022-02-17,408.87,TP0011,124.0
181,2022-02-17,1136.53,TUA00280,175.18
182,2022-02-17,862.07,RP00178,12.4
183,2022-02-17,2525.0,BO00053,5346.0
184,2022-02-17,337.7,P7J6C1D1A030,73.06
185,2022-02-18,1499.3,TEA00092,7400.14
186,2022-02-18,2349.48,TEA00093,7142.54
187,2022-02-18,510.0,PK14C1D1G300,280.17
188,2022-02-18,813.05,TT00007,379.5
189,2022-02-18,1048.0,TT00008,693.49
190,2022-02-18,525.0,TU5/16X203V240W,225.21
191,2022-02-18,8500.0,TEA00023,4592.74
192,2022-02-18,119.83,TP0001,77.92
193,2022-02-21,813.0,TU5/16X870J127V,227.18
194,2022-02-21,2068.5,TEA00096,773.91
195,2022-02-21,1518.0,TUA00025,1825.52
196,2022-02-22,597.06,TP0015,865.0
197,2022-02-22,683.25,RP00175,29.9
198,2022-02-22,813.1,TP0016,222.0
199,2022-02-22,690.81,TUS00112,949.4
200,2022-02-22,1520.0,TUA00403,757.39
201,2022-02-22,385.0,BB1 1/2X1/2-300W,220.0
202,2022-02-22,435.0,BB1 1/2X1/2-300W,253.0
203,2022-02-22,206.9,TP0025,98.63
204,2022-02-23,1450.0,TUE00146,9156.17
205,2022-02-23,780.25,BE00011,75.32
206,2022-02-23,799.12,BE00012,89.08
207,2022-02-23,821.89,BE00013,96.18
208,2022-02-23,839.43,BE00015,102.18
209,2022-02-23,901.12,BN00243,282.98
210,2022-02-23,992.0,BN00244,402.41
211,2022-02-23,1109.22,BN00245,377.7
212,2022-02-23,1112.0,BN00246,594.4
213,2022-02-23,725.1,BP00249,211.19
214,2022-02-23,387.45,PJ140FD1A000,109.64
215,2022-02-23,1674.0,TUE00179,374.62
216,2022-02-23,960.0,RC00025,732.84
217,2022-02-23,689.92,CS58H1060A00,225.59
218,2022-02-23,689.92,CS58H1060A00,225.59
219,2022-02-23,813.0,TU5/16X870J127V,227.18
220,2022-02-24,3200.0,CBS00101,1281.35
221,2022-02-24,3105.0,TUA00427,2214.39
222,2022-02-24,355.0,TEA00006,1019.92
223,2022-02-24,2218.27,TEE00017,2409.43
224,2022-02-24,650.32,CS12J2025A00,74.08
225,2022-02-25,1615.0,TUE00207,1179.22
226,2022-02-25,1615.0,TUE00207,1179.22
227,2022-02-25,1615.0,TUE00207,1179.22
228,2022-02-25,1615.0,TUE00207,1179.22
229,2022-02-25,1615.0,TUE00207,1179.22
230,2022-02-25,598.0,TUE00332,676.56
231,2022-02-25,445.0,TP0009,320.27
232,2022-02-25,303.45,TP0010,213.1
233,2022-02-25,369.25,TP0040,274.96
234,2022-02-25,355.0,TEA00006,595.24
235,2022-02-25,681.75,CBS00056,500.47
236,2022-02-25,407.0,70001694,1276.19
237,2022-02-25,488.0,70001698,962.29
238,2022-02-25,543.0,70001692,795.85
239,2022-02-25,509.0,70001690,1288.78
240,2022-02-25,1365.0,70001684,395.14
241,2022-02-25,1015.0,P214F1AB0600,1839.19
242,2022-02-28,562.32,CS12F1040A00,355.8
243,2022-02-28,1125.0,TUE00339,7342.41
244,2022-02-28,1485.0,BP00206,881.41
245,2022-02-28,1475.3,ECQ-00972,10182.84
246,2022-02-28,625.2,TUE00075,117.15
247,2022-02-28,565.4,CS12G1040A00,180.83
248,2022-02-28,498.77,TUS00113,139.11
249,2022-02-28,2508.7,TUE00176,470.09
250,2022-02-28,1028.35,PJ14F1L1A800,747.38
251,2022-02-28,1265.2,TUE00132,559.98
252,2022-02-28,799.1,TUS00005,535.46
253,2022-02-28,1156.5,TUE00338,139.69
254,2022-02-28,992.25,TUE00337,520.33
255,2022-02-28,358.7,TUS00029,144.69
256,2022-02-28,1498.16,BB00017,208.27
257,2022-02-28,1599.5,BB00018,688.35
258,2022-02-28,1455.25,BN00002,375.4
259,2022-02-28,1398.79,BN00003,415.77
260,2022-02-28,1472.0,BL00038,1203.29
261,2022-02-28,398.85,PJ31Q1G3A100,710.93
262,2022-02-28,1229.88,TUA00426,1349.52
263,2022-02-28,1020.0,PK14G1D1G300,175.18
264,2022-02-28,625.2,TUE00075,175.24
265,2022-02-28,468.97,TUE00198,135.61
266,2022-03-01,2524.5,BC00026,688.31
267,2022-03-02,1030.0,TUE00307,946.71
268,2022-03-02,1094.6,TUE00308,841.84
269,2022-03-02,2625.5,PT00082,2428.6
270,2022-03-03,3890.0,BS00006,5508.73
271,2022-03-03,3890.0,BS00008,6802.89
272,2022-03-03,462.0,BB2X2ST,220.0
273,2022-03-03,4315.0,RP00181,41.26
274,2022-03-03,992.25,TUE00337,520.33
275,2022-03-03,519.0,TK00028,156.48
276,2022-03-03,512.36,TP0008,211.36
277,2022-03-03,382.76,TP0040,137.48
278,2022-03-04,560.04,TUA00428,134.94
279,2022-03-04,913.4,TUA00143,3537.11
280,2022-03-04,1255.2,TUA00102,370.94
281,2022-03-04,337.7,P7J6C1D1A030,73.06
282,2022-03-04,965.5,TUA00431,539.17
283,2022-03-07,265.0,TP0005,348.39
284,2022-03-07,2265.0,TUE00007,435.26
285,2022-03-07,574.0,CS38F1010A00,269.88
286,2022-03-08,1103.0,WRE-2137,610.68
287,2022-03-08,577.8,BN00242,304.73
288,2022-03-08,1330.68,TUE00343,3857.05
289,2022-03-09,800.0,BO00056,216.65
290,2022-03-09,2218.27,TEE00017,4985.4
291,2022-03-09,470.0,TP0011,143.8
292,2022-03-09,594.83,TU5/16X203V,3262.29
293,2022-03-09,999.91,TU5/16X230MM,212.44
294,2022-03-09,980.6,TUE00341,317.3
295,2022-03-09,980.6,TUE00341,317.3
296,2022-03-10,1405.25,TUA00430,808.8
297,2022-03-10,812.53,CS14D2017B20,222.14
298,2022-03-10,375.29,TP0005,87.1
299,2022-03-10,355.0,TEA00006,2380.95
300,2022-03-10,1666.85,TUE00042,8334.25
301,2022-03-10,470.0,TP0011,719.0
302,2022-03-11,4650.5,RM00017,2644.78
303,2022-03-11,1551.2,TUA00134,1819.85
304,2022-03-11,1548.0,PT00063,1346.28
305,2022-03-11,4508.2,TUA00432,1783.73
306,2022-03-11,462.0,BB1 1/2X1/2-300W,440.0
307,2022-03-11,107.76,TP0001,77.92
308,2022-03-11,2377.0,TUA00371,417.45
309,2022-03-14,839.28,CAS00075,2617.65
310,2022-03-14,1078.5,CAS00076,5266.17
311,2022-03-15,385.0,BB1 1/2X1/2-300W,220.0
312,2022-03-15,2359.7,TUA00175,1509.17
313,2022-03-15,970.0,TUA00241,1305.27
314,2022-03-15,999.91,TU5/16X230MM,212.44
315,2022-03-15,1215.5,TUA00222,716.01
316,2022-03-15,1910.0,TUE00333,195.77
317,2022-03-15,1520.25,TUA00421,2102.1
318,2022-03-16,1350.0,TUE00103,497.3
319,2022-03-16,375.0,TP0012,220.69
320,2022-03-16,462.0,BB1 1/2X1/2-300W,220.0
321,2022-03-16,1410.6,TUE00340,563.27
322,2022-03-16,358.0,BS00011,153.86
323,2022-03-16,1608.0,TUA00124,1082.88
324,2022-03-16,448.6,TUS00115,420.72
325,2022-03-16,710.0,BL00022,112.11
326,2022-03-16,647.1,PT00047,4880.41
327,2022-03-16,3053.25,ECQ-01444,1522.13
328,2022-03-17,337.0,TP0010,426.19
329,2022-03-17,1953.26,TUA00429,1252.74
330,2022-03-17,498.0,TP0011,287.6
331,2022-03-17,2005.5,TUA00419,327.61
332,2022-03-18,568.97,BE00016,60.56
333,2022-03-18,850.0,BL00054,349.45
334,2022-03-18,932.5,BO00058,1805.76
335,2022-03-18,1615.0,TUE00207,1179.22
336,2022-03-18,1179.25,TUA00422,319.43
337,2022-03-18,1179.25,TUA00422,319.43
338,2022-03-18,1848.4,TUA00424,417.02
339,2022-03-18,1848.4,TUA00424,417.02
340,2022-03-22,497.2,BP00089,264.34
341,2022-03-22,999.91,TU5/16X230MM,212.44
342,2022-03-22,659.48,P114I1D4A000,197.3
343,2022-03-22,375.0,BP00257,389.9
344,2022-03-22,94.5,TP0001,77.92
345,2022-03-22,153.0,TP0002,102.71
346,2022-03-22,98.0,TP0001,77.92
347,2022-03-23,14000.0,RP00165,5211.65
348,2022-03-23,732.0,TP0016,222.0
349,2022-03-23,999.91,TU5/16X230MM,400.6
350,2022-03-23,265.08,TP0005,870.97
351,2022-03-23,2835.0,TUA00433,3102.37
352,2022-03-23,1247.5,CBE00028,752.71
353,2022-03-23,850.2,TK00034,519.02
354,2022-03-23,485.3,BP00259,89.76
355,2022-03-23,570.3,BP00260,72.34
356,2022-03-23,3096.5,TUA00200,5131.02
357,2022-03-23,1784.0,TUE00161,233.93
358,2022-03-23,7903.2,RP00182,2448.37
359,2022-03-23,3349.0,TUA00099,3820.84
360,2022-03-23,6900.0,PA00001,6978.64
361,2022-03-24,585.13,TR51G1125A00,97.0
362,2022-03-24,561.0,CS12E2040A00,286.12
363,2022-03-24,561.0,CS12F2040A00,353.34
364,2022-03-24,710.0,TK00063,686.66
365,2022-03-24,579.66,BL00001,50.94
366,2022-03-24,800.0,BP00258,45.28
367,2022-03-24,395.0,EE00003,14.76
368,2022-03-25,3040.48,BOE00012,6822.37
369,2022-03-25,2366.63,BOE00013,6981.76
370,2022-03-25,691.68,TP0008,211.36
371,2022-03-25,862.33,TP0022,410.21
372,2022-03-25,120.0,TP0001,38.96
373,2022-03-28,18500.0,BO00005,3120.88
374,2022-03-28,150.0,TP0003,2215.69
375,2022-03-28,190.52,TP0003,142.5
376,2022-03-28,1850.0,TEA00016,1420.68
377,2022-03-28,636.21,RP00184,102.22
378,2022-03-28,918.0,TEA00017,1506.97
379,2022-03-28,525.0,BN00248,779.66
380,2022-03-28,495.0,BN00249,344.57
381,2022-03-28,354.5,BN00250,310.03
382,2022-03-28,354.5,BN00251,177.36
383,2022-03-29,2198.58,BP00149,649.37
384,2022-03-29,1260.48,BP00150,854.65
385,2022-03-29,780.25,BE00011,75.32
386,2022-03-29,799.12,BE00012,89.08
387,2022-03-29,821.89,BE00013,96.18
388,2022-03-29,839.43,BE00015,102.18
389,2022-03-29,190.52,TP0003,72.37
390,2022-03-29,435.0,BB1 1/2X1/2-300W,220.0
391,2022-03-29,527.59,TUS00116,64.91
392,2022-03-29,1205.0,TUS00118,258.43
393,2022-03-29,704.5,TP0015,173.0
394,2022-03-29,4150.0,TUE00319,12855.68
395,2022-03-30,778.17,151.7208,782.48
396,2022-03-30,907.5,TUA00096,116.73
397,2022-03-30,165.0,TP0024,145.47
398,2022-03-30,862.35,TP0022,410.21
399,2022-03-30,1551.72,TUE00025,316.4
400,2022-03-30,538.79,MA00016,6.69
401,2022-03-31,387.93,RP00180,24.0
402,2022-03-31,1020.0,RP00171,258.21
403,2022-03-31,1299.32,BOBINA001,20448.01
404,2022-03-31,445.0,BB1 1/2X1/2-300W,220.0
405,2022-03-31,1513.0,TUA00219,5369.65
406,2022-03-31,500.5,TUS00020,323.44
407,2022-03-31,1056.03,TUA00434,244.91
408,2022-03-31,562.5,CS12F1040A00,533.7
409,2022-03-31,646.6,CS12H1050A00,547.28
410,2022-03-31,1475.3,ECQ-00972,9152.38
411,2022-03-31,3053.25,ECQ-01444,736.48
412,2022-03-31,1475.3,ECQ-00972,3567.53
413,2022-03-31,3053.25,ECQ-01444,2373.3
414,2022-03-31,620.0,TP00019,4249.74
415,2022-03-31,1899.85,TUE00162,1034.72
416,2022-03-31,2458.45,TUE00348,1221.53
417,2022-03-31,4956.73,TUE00105,1306.63
418,2022-03-31,657.5,TUS00035,266.21
419,2022-03-31,20887.18,GAB00014,1516.24
420,2022-03-31,7137.0,TUA00376,5870.53
421,2022-04-01,435.72,TP0040,137.48
422,2022-04-04,120.09,TP0001,42.79
423,2022-04-04,633.6,BP00251,112.24
424,2022-04-04,564.71,BP00252,111.07
425,2022-04-04,633.6,BP00253,112.24
426,2022-04-04,498.65,BP00254,59.54
427,2022-04-04,616.0,BP00255,110.37
428,2022-04-04,598.0,BP00256,110.37
429,2022-04-05,862.0,RP00187,90.16
430,2022-04-05,705.5,TUS00002,319.57
431,2022-04-05,705.5,TUS00001,633.46
432,2022-04-05,2278.45,TUE00081,359.16
433,2022-04-05,2359.7,TUA00175,1509.17
434,2022-04-05,1105.6,TUS00117,165.15
435,2022-04-05,2400.0,BC00010,720.65
436,2022-04-06,1500.0,RP00150,0.72
437,2022-04-06,435.0,BB1 1/2X1/2-300W,220.0
438,2022-04-06,938.53,MR01934,646.92
439,2022-04-06,405.2,BN00064,94.49
440,2022-04-06,357.76,TP0026,113.59
441,2022-04-07,625.7,TUS00017,459.5
442,2022-04-07,625.7,TUS00018,295.92
443,2022-04-07,153.45,TP0002,51.36
444,2022-04-07,204.08,E1041959,5083.38
445,2022-04-07,1853.25,BC00006,4563.71
446,2022-04-07,599.0,P231A1D6K200,1257.53
447,2022-04-07,1100.0,65014-38,735.34
448,2022-04-07,1991.06,TUA00435,1511.46
449,2022-04-07,535.12,CM10E2050A00,70.86
450,2022-04-08,3929.11,TUA00420,3660.03
451,2022-04-08,188.0,EE00026,94.84
452,2022-04-08,650.0,TU5/16X203V,321.87
453,2022-04-11,485.0,TP0011,288.8
454,2022-04-11,310.0,TP0012,50.54
455,2022-04-11,1063.83,TUA00017,1229.62
456,2022-04-11,908.0,TJ00046,204.07
457,2022-04-11,163.0,TP0024,48.49
458,2022-04-11,2325.0,TUE00342,722.38
459,2022-04-11,1350.0,TUE00103,497.3
460,2022-04-12,1005.0,PJ14F10B0600,775.73
461,2022-04-12,1005.0,PJ14J10B0600,404.78
462,2022-04-12,2849.5,TUA00148,1125.85
463,2022-04-13,1265.09,TUE00132,432.3
464,2022-04-13,900.69,P114Q1H90412,3965.36
465,2022-04-13,527.0,TUS00119,48.21
466,2022-04-13,1241.0,TUA00087,2869.44
467,2022-04-13,1120.69,TUE00345,133.09
468,2022-04-13,780.0,TUE00248,963.82
469,2022-04-13,867.03,TJ00090,403.47
470,2022-04-13,940.0,TUE00351,148.76
471,2022-04-13,940.0,TUE00352,148.76
472,2022-04-13,164.14,E1041968,2779.23
473,2022-04-18,907.0,RP00183,7.6
474,2022-04-19,659.6,RP00137,107.68
475,2022-04-19,1572.45,TUA00124,1943.52
476,2022-04-19,310.0,TP0012,202.16
477,2022-04-19,1615.0,TUE00207,1974.74
478,2022-04-19,760.25,RC00027,123.23
479,2022-04-20,23995.24,TUE00172,4045.07
480,2022-04-20,2625.5,PT00082,2428.6
481,2022-04-21,145.0,TP0002,135.14
482,2022-04-21,1035.0,TUE00350,223.66
483,2022-04-21,612.0,BN00252,367.86
484,2022-04-21,825.0,TUA00436,1667.21
485,2022-04-21,1529.69,CAE00039,1685.48
486,2022-04-21,703.45,TEA00099,1305.87
487,2022-04-21,2750.0,BC00027,797.54
488,2022-04-21,3349.0,TUA00099,3959.26
489,2022-04-21,110.0,TP0001,42.79
490,2022-04-22,435.97,CM10D2025A00,201.92
491,2022-04-22,491.03,CM10D2030A00,134.42
492,2022-04-22,180.0,TP0004,172.46
493,2022-04-22,163.0,TP0024,48.49
494,2022-04-22,676.72,BL00055,213.87
495,2022-04-22,1000.0,TJ00043,48.85
496,2022-04-22,1000.0,TJ00043,146.54
497,2022-04-25,695.2,TUS00003,461.36
498,2022-04-25,462.0,BB1 1/2X1/2-300W,220.0
499,2022-04-25,243.82,E1041960,4218.97
500,2022-04-25,468.1,CS14E1020A00,28.9
501,2022-04-25,1395.35,P231F1H6AB00,1342.97
502,2022-04-25,1037.1,TUA00079,747.21
503,2022-04-25,4150.0,TUE00319,12855.68
504,2022-04-26,780.0,TUE00248,963.82
505,2022-04-26,250.0,TP0003,723.67
506,2022-04-26,1274.14,BO00059,796.86
507,2022-04-26,1529.69,CAE00039,1685.48
508,2022-04-26,805.0,TUA00412,286.18
509,2022-04-26,812.0,TUA00440,148.02
510,2022-04-26,587.0,TUS00120,38.92
511,2022-04-26,153.45,TP0002,102.71
512,2022-04-27,1572.45,TUA00124,1035.28
513,2022-04-27,7402.72,RM00038,921.37
514,2022-04-27,7133.17,TUA00376,5870.53
515,2022-04-27,207.0,TP0025,382.32
516,2022-04-27,622.0,TUS00048,36.0
517,2022-04-27,1208.25,TUE00258,67.21
518,2022-04-27,2600.0,TP00011,1529.93
519,2022-04-27,6300.0,TUE00261,3472.99
520,2022-04-28,985.0,TUA00437,485.55
521,2022-04-28,3837.4,TUE00336,722.34
522,2022-04-28,978.6,PT00083,2592.94
523,2022-04-28,6900.0,PA00001,7248.18
524,2022-04-29,420.69,TP0011,144.4
525,2022-04-29,1756.0,BP00261,841.63
526,2022-04-29,1697.71,TUA00438,567.27
527,2022-04-29,485.0,TP0011,144.4
528,2022-04-29,398.0,TP0012,101.08
529,2022-04-29,1022.0,CAE00040,3998.41
530,2022-04-29,2497.0,TUE00034,1009.05
531,2022-04-29,976.0,ECQ-00971,2619.0
532,2022-04-29,3053.25,ECQ-01444,3409.48
533,2022-04-29,1475.3,ECQ-00972,11742.95
534,2022-04-29,3053.25,ECQ-01444,7911.01
535,2022-04-29,3395.0,TUE00344,928.07
536,2022-05-02,488.62,CS38C1008A00,618.84
537,2022-05-02,366.0,BB00095,85.97
538,2022-05-03,276.91,PT31B1D5A400,22.03
539,2022-05-03,207.0,TP0025,460.41
540,2022-05-03,732.0,TP0016,222.0
541,2022-05-03,427.0,RM00022,33.79
542,2022-05-04,514.25,TK00062,225.28
543,2022-05-04,485.0,TP0011,722.0
544,2022-05-04,310.0,TP0012,50.54
545,2022-05-04,893.0,BP00260,72.34
546,2022-05-04,244.02,E1041960,3586.12
547,2022-05-04,2895.47,TUA00021,4673.63
548,2022-05-04,2186.0,TUA00009,4193.61
549,2022-05-04,120.12,TP0001,42.79
550,2022-05-05,2177.5,TUA00258,1915.76
551,2022-05-05,623.2,BN00254,291.71
552,2022-05-05,330.85,TP0025,986.31
553,2022-05-05,2044.2,TUA00441,406.12
554,2022-05-05,648.3,BP00215,97.53
555,2022-05-05,419.0,RP00191,10.7
556,2022-05-05,225.0,TP0025,98.63
557,2022-05-06,734.5,RC00013,136.98
558,2022-05-06,13800.0,EE00021,4455.7
559,2022-05-06,1158.19,TUA00442,610.62
560,2022-05-06,207.0,TP0025,1363.68
561,2022-05-09,634.5,RP00195,42.35
562,2022-05-09,427.0,RM00022,135.17
563,2022-05-09,301.07,RP00194,3.8
564,2022-05-09,1306.03,TUA00443,344.32
565,2022-05-09,355.0,TEA00006,2637.36
566,2022-05-09,1450.0,RC00012,1344.78
567,2022-05-09,999.95,TU5/16X230MM,200.3
568,2022-05-09,410.0,EE00055,565.29
569,2022-05-10,2200.0,TEA00096,773.91
570,2022-05-10,978.6,PT00083,2389.27
571,2022-05-10,732.0,TEA00100,681.25
572,2022-05-11,153.25,TP0002,62.82
573,2022-05-11,663.88,CS12D2040A01,101.4
574,2022-05-11,2025.2,TUA00439,483.67
575,2022-05-11,703.45,TEA00099,1305.87
576,2022-05-11,488.0,TP0011,722.0
577,2022-05-11,153.45,TP0002,125.64
578,2022-05-11,994.0,TJ00063,461.74
579,2022-05-11,551.25,PK31A1I1A000,1434.11
580,2022-05-12,2750.0,BC00027,1595.08
581,2022-05-12,475.0,BB00101,73.04
582,2022-05-12,2278.45,TUE00081,701.72
583,2022-05-12,375.0,CAE00011,352.13
584,2022-05-12,6273.0,RP00197,1368.31
585,2022-05-12,532.76,TUS00121,33.75
586,2022-05-13,605.4,BP00263,80.09
587,2022-05-13,689.63,TU5/16X870J127V,454.37
588,2022-05-13,13776.88,RP00196,5301.49
589,2022-05-13,933.85,CS58M2050A11,344.27
590,2022-05-13,335.0,PJ000GE1A400,116.73
591,2022-05-17,1944.0,TP00021,330.09
592,2022-05-17,2133.25,TP00022,453.27
593,2022-05-17,424.0,BB1 1/2X1/2-300W,253.0
594,2022-05-17,2068.5,93980461,1261.99
595,2022-05-17,2068.5,93980461,1261.99
596,2022-05-17,2464.2,54020219,2135.98
597,2022-05-17,2464.2,54020219,2261.08
598,2022-05-18,4580.0,TUA00131,6183.72
599,2022-05-18,2325.34,RP00193,518.74
600,2022-05-19,564.1,TUE00353,60.64
601,2022-05-19,1615.0,TUE00207,2742.7
602,2022-05-19,1451.65,TUE00354,295.91
603,2022-05-19,572.0,PJ000GH1A000,412.22
604,2022-05-19,812.0,PJ000GJ1A000,726.18
605,2022-05-19,1548.0,PT00084,1199.64
606,2022-05-20,622.0,PT00010,671.87
607,2022-05-20,986.0,TUA00127,1183.69
608,2022-05-20,1133.0,TUA00321,2239.06
609,2022-05-20,938.53,MR01934,331.9
610,2022-05-23,150.86,TP0001,128.38
611,2022-05-23,474.14,RP00002,4434.97
612,2022-05-23,3053.25,ECQ-01444,3224.57
613,2022-05-23,1526.77,TUA00311,324.05
614,2022-05-23,1088.0,TUE00068,1141.51
615,2022-05-24,1296.0,CAS00080,14643.92
616,2022-05-25,689.0,TUS00090,170.19
617,2022-05-25,578.0,TEA00058,3634.36
618,2022-05-25,385.0,BB1 1/2X1/2-300W,253.0
619,2022-05-26,407.0,70001694,1516.01
620,2022-05-26,543.0,70001692,909.55
621,2022-05-26,1365.0,70001684,692.44
622,2022-05-26,1139.88,RP00198,168.7
623,2022-05-26,790.0,CAS00034,1174.89
624,2022-05-26,210.0,TP0003,155.15
625,2022-05-26,862.35,TP0022,9392.95
626,2022-05-26,617.2,TEA00101,149.98
627,2022-05-27,732.0,TP0016,444.0
628,2022-05-27,582.93,TUS00122,61.3
629,2022-05-27,582.93,TUS00122,91.95
630,2022-05-27,265.08,TP0005,97.49
631,2022-05-27,592.5,CS58G1030A00,229.29
632,2022-05-30,642.0,TU5/16X203V,965.61
633,2022-05-31,994.4,BP00264,208.8
634,2022-05-31,632.5,CAS00043,130.94
635,2022-05-31,980.0,47980249,1725.78
636,2022-05-31,1130.5,47980626,1885.91
637,2022-05-31,840.0,MR8-250-11-13,320.04
638,2022-05-31,1842.5,TUA00449,2840.53
639,2022-05-31,1914.5,TUA00450,1472.41
640,2022-05-31,1239.3,TUA00049,2446.31
641,2022-05-31,1047.0,CBE00012,1707.07
642,2022-05-31,965.0,CBE00040,1068.83
643,2022-05-31,516.0,TK00065,124.56
644,2022-06-01,453.24,TP0040,171.87
645,2022-06-01,7612.73,47980075,9760.13
646,2022-06-02,980.0,47980249,4735.23
647,2022-06-02,910.0,CAS00079,374.39
648,2022-06-02,1140.86,TUE00101,407.85
649,2022-06-02,750.0,AK00012,467.13
650,2022-06-02,2105.3,TUA00445,1696.61
651,2022-06-02,775.6,CBE00039,208.61
652,2022-06-02,400.64,TJ00091,119.54
653,2022-06-03,999.91,TU5/16X230MM,400.6
654,2022-06-03,1450.0,TUE00146,9577.26
655,2022-06-06,12500.0,TUA00325,3900.52
656,2022-06-06,644.0,BN00256,159.57
657,2022-06-06,570.8,BN00257,167.44
658,2022-06-06,605.4,BP00263,80.09
659,2022-06-06,425.0,BB1 1/2X1/2-300W,253.0
660,2022-06-07,563.5,RP00201,55.83
661,2022-06-07,424.0,BB1 1/2X1/2-300W,253.0
662,2022-06-07,825.0,TUA00436,3994.81
663,2022-06-08,999.91,TU5/16X230MM,200.3
664,2022-06-09,739.66,RP00202,7.6
665,2022-06-09,936.45,CS58P2120A01,2062.24
666,2022-06-09,1299.32,BOBINA001,11343.64
667,2022-06-09,3668.0,TUA00444,602.39
668,2022-06-09,812.53,CS14D2017B20,136.67
669,2022-06-09,485.0,TP0011,542.76
670,2022-06-09,375.0,TP0012,219.2
671,2022-06-09,301.5,TP0006,1728.0
672,2022-06-10,32582.18,RP00203,199335.56
673,2022-06-10,564.1,TUE00362,95.4
674,2022-06-10,2218.0,TEE00027,1435.32
675,2022-06-10,999.91,TU5/16X230MM,200.3
676,2022-06-13,94.5,TP0001,42.79
677,2022-06-13,1697.71,TUA00438,562.77
678,2022-06-13,2025.2,TUA00439,967.34
679,2022-06-14,799.1,TUS00005,699.77
680,2022-06-14,642.0,TU5/16X203V,965.61
681,2022-06-14,1545.0,BO00061,539.86
682,2022-06-14,3026.6,TUE00363,752.71
683,2022-06-15,812.53,CS14D2017B20,333.2
684,2022-06-15,385.0,BB1 1/2X1/2-300W,253.0
685,2022-06-15,655.0,BO00064,14.4
686,2022-06-16,504.5,BO00062,432.37
687,2022-06-16,596.6,CBS00098,1443.18
688,2022-06-16,510.0,TP0011,135.69
689,2022-06-16,1475.3,ECQ-00972,7105.79
690,2022-06-16,3730.0,ECQ-00974,2930.59
691,2022-06-16,245.0,TP0025,92.33
692,2022-06-16,1410.0,TUA00446,227.74
693,2022-06-17,828.97,CAS00068,131.25
694,2022-06-17,1049.3,CAS00069,1309.94
695,2022-06-17,631.84,CAS00070,47.53
696,2022-06-17,800.19,CAS00071,135.37
697,2022-06-17,181.0,TP0002,314.09
698,2022-06-17,225.0,TP0003,387.87
699,2022-06-17,1572.45,TUA00124,668.43
700,2022-06-17,1600.0,PK51H1JBA600,3340.17
701,2022-06-17,1073.0,TEE00028,2289.82
702,2022-06-17,996.0,TUS00123,1542.56
703,2022-06-17,557.5,CAS00081,395.26
704,2022-06-17,192.0,TP0024,48.49
705,2022-06-20,310.0,TP0012,109.6
706,2022-06-20,753.04,BN00258,172.35
707,2022-06-21,1550.0,TUA00447,3776.75
708,2022-06-21,1500.0,TUA00448,3574.62
709,2022-06-21,564.1,TUE00362,48.03
710,2022-06-21,521.04,TP0009,205.2
711,2022-06-21,485.0,TP0011,542.76
712,2022-06-21,310.0,TP0012,219.2
713,2022-06-21,155.0,TP0003,232.72
714,2022-06-22,539.6,CM10G1030A00,311.18
715,2022-06-22,1380.0,TUA00457,493.38
716,2022-06-22,330.8,TP0025,1383.54
717,2022-06-22,345.0,BP00246,85.29
718,2022-06-22,994.64,BP00247,310.77
719,2022-06-22,605.4,BP00263,160.18
720,2022-06-22,735.65,TUA00413,177.85
721,2022-06-22,608.75,TU5/16X203V240W,662.65
722,2022-06-23,810.0,EE00059,1170.9
723,2022-06-23,788.48,BO00063,3192.33
724,2022-06-23,2818.4,RB00021,670.74
725,2022-06-23,812.43,CS14D2017B20,111.07
726,2022-06-24,1030.0,TUA00453,1416.34
727,2022-06-24,457.82,CS14E1012A00,128.97
728,2022-06-24,1470.0,TEA00103,174.08
729,2022-06-24,2186.0,TUA00009,2145.86
730,2022-06-24,375.0,PT00057,1441.92
731,2022-06-24,375.0,CAE00011,367.04
732,2022-06-27,796.25,TT00009,2360.31
733,2022-06-27,850.5,TT00010,2378.73
734,2022-06-27,635.0,P9K1J1D1G030,153.36
735,2022-06-27,702.59,TU5/16X870J127V,227.18
736,2022-06-28,1265.0,P214J1BBA600,521.59
737,2022-06-28,675.0,BN00260,348.32
738,2022-06-28,696.0,BN00261,183.26
739,2022-06-28,488.62,CS38C1008A00,556.96
740,2022-06-28,710.0,TJ00029,1029.98
741,2022-06-28,3349.0,TUA00099,3820.84
742,2022-06-28,2665.0,TUA00191,2608.29
743,2022-06-29,435.72,TP0005,97.49
744,2022-06-29,648.3,BP00215,97.53
745,2022-06-29,419.0,RP00191,10.7
746,2022-06-29,369.5,BOBINA002,1813.59
747,2022-06-29,4500.88,BOBINA003,2573.85
748,2022-06-30,625.7,TUS00016,456.18
749,2022-06-30,625.7,TUS00017,503.4
750,2022-06-30,625.7,TUS00018,591.85
751,2022-06-30,1518.0,PA00011,1092.06
752,2022-06-30,2776.65,PA00012,1220.15
753,2022-06-30,2008.0,TUA00458,473.55
754,2022-06-30,587.0,PT31B1G1AG00,912.43
755,2022-06-30,780.5,PT00087,921.15
756,2022-06-30,1165.95,TUA00459,345.97
757,2022-06-30,1112.0,TUA00461,322.13
758,2022-06-30,1254.2,TUE00171,771.72
759,2022-06-30,310.0,TP0012,54.8
760,2022-06-30,485.0,TP0011,423.89
761,2022-06-30,921.37,TUA00460,557.42
762,2022-06-30,518.97,TUE00004,123.23
763,2022-07-04,3053.25,ECQ-01444,5411.87
764,2022-07-04,1054.0,TEA00004,665.36
765,2022-07-04,523.85,BN00216,552.36
766,2022-07-04,2186.0,TUA00009,1850.42
767,2022-07-04,727.58,BL00012,136.58
768,2022-07-04,343.0,PJ31F1F1A400,82.32
769,2022-07-05,976.0,ECQ-00971,1216.06
770,2022-07-06,732.0,TP0016,260.2
771,2022-07-06,1165.95,TUA00459,345.97
772,2022-07-06,404.65,BL00057,55.57
773,2022-07-06,648.5,BL00058,130.51
774,2022-07-06,648.5,BP00265,128.69
775,2022-07-06,693.35,BP00266,128.69
776,2022-07-06,576.03,TP0007,210.24
777,2022-07-06,657.12,TP0008,265.64
778,2022-07-06,499.7,TP0009,205.2
779,2022-07-06,659.6,BS00012,76.36
780,2022-07-07,123.0,ABRAZA01,150.32
781,2022-07-07,355.0,TEA00006,2660.93
782,2022-07-07,355.0,TEA00006,1995.7
783,2022-07-07,2068.5,93980461,1357.1
784,2022-07-07,2464.2,54020219,2261.08
785,2022-07-07,980.0,47980249,1773.52
786,2022-07-07,1074.04,EE00060,185.06
787,2022-07-08,788.88,PJ000NH1A400,170.5
788,2022-07-08,727.31,P131B1I14000,297.42
789,2022-07-08,624.27,TP0012,54.8
790,2022-07-11,572.0,PJ000GH1A000,206.11
791,2022-07-11,812.0,PJ000GJ1A000,2178.55
792,2022-07-11,1548.0,PT00063,671.28
793,2022-07-11,660.0,BS00010,133.98
794,2022-07-12,1186.17,BN00263,345.06
795,2022-07-12,675.0,BP00267,608.14
796,2022-07-12,938.53,MR01934,808.65
797,2022-07-12,1666.18,TUA00318,5407.95
798,2022-07-12,1165.95,TUA00459,345.97
799,2022-07-12,607.1,CAS00083,7098.51
800,2022-07-12,611.51,CAS00084,3719.48
801,2022-07-12,753.42,CAS00085,611.06
802,2022-07-12,535.48,CAS00086,379.36
803,2022-07-13,572.5,TP0011,433.2
804,2022-07-13,794.0,PT00088,323.11
805,2022-07-13,941.0,TUE00364,165.65
806,2022-07-13,636.3,BP00070,440.58
807,2022-07-15,400.0,TP0040,171.87
808,2022-07-15,7133.17,TUA00376,5099.14
809,2022-07-15,798.0,TJ00092,469.01
810,2022-07-15,139.0,TP0001,42.79
811,2022-07-15,786.7,CBS00104,450.49
812,2022-07-18,2105.0,PT00034,1020.51
813,2022-07-18,652.0,AJ00010,1081.24
814,2022-07-18,968.5,TUE00367,781.73
815,2022-07-18,2218.27,TEE00017,2779.2
816,2022-07-18,810.0,PT00047,2575.95
817,2022-07-18,1552.5,TUA00177,4233.54
818,2022-07-18,348.0,TP0012,54.8
819,2022-07-19,3120.0,RP00205,1195.0
820,2022-07-20,315.0,TP0005,97.49
821,2022-07-20,435.72,TP0040,343.73
822,2022-07-20,1127.0,TU5/16X215V240W,316.45
823,2022-07-21,4956.73,TUE00105,1306.63
824,2022-07-21,407.0,70001694,620.99
825,2022-07-21,541.25,70001696,528.65
826,2022-07-21,1365.0,CBE00041,812.15
827,2022-07-21,681.75,CBS00056,488.72
828,2022-07-21,3200.0,RP00206,649.31
829,2022-07-21,3200.0,RP00207,1180.41
830,2022-07-21,3200.0,RP00208,595.74
831,2022-07-21,3521.6,TUE00061,585.92
832,2022-07-21,1299.32,BOBINA001,12894.24
833,2022-07-21,4250.0,TEA00023,2365.62
834,2022-07-21,846.2,PT00033,244.91
835,2022-07-21,1050.69,CS38K2025A2D,541.35
836,2022-07-21,2132.55,TUE00366,461.4
837,2022-07-21,3650.0,PA00008,3161.13
838,2022-07-21,3250.0,PA00009,3014.83
839,2022-07-21,2550.0,PA00005,3515.54
840,2022-07-22,155.0,TP0002,135.14
841,2022-07-22,916.36,TUA00464,5553.86
842,2022-07-22,25258.15,TUE00172,5169.85
843,2022-07-22,961.45,TUE00247,1298.83
844,2022-07-22,485.2,BP00259,89.76
845,2022-07-22,570.3,BP00260,72.34
846,2022-07-22,485.2,BP00259,89.76
847,2022-07-22,570.3,BP00260,72.34
848,2022-07-22,686.0,PJ31A1I1A400,1417.21
849,2022-07-25,462.0,BB2X2ST,440.0
850,2022-07-26,4188.63,TUA00463,3863.23
851,2022-07-26,14000.0,RP00165,277.5
852,2022-07-26,825.0,TUA00436,3995.98
853,2022-07-26,810.0,PT00047,2575.95
854,2022-07-27,3521.6,TUE00061,1225.86
855,2022-07-27,207.0,TP0025,923.31
856,2022-07-28,1205.0,PT00089,1131.63
857,2022-07-28,585.5,PJ04F1H1A400,1119.59
858,2022-07-28,648.0,PK04F1H1A400,1249.59
859,2022-07-28,1697.71,TUA00438,567.27
860,2022-07-29,821.3,WRE-2774,378.86
861,2022-07-29,4125.0,RM00043,193.86
862,2022-07-29,1369.18,TUE00369,197.36
863,2022-07-29,886.0,BL00059,110.46
864,2022-07-29,695.0,BP00239,73.59
865,2022-07-29,665.0,BP00263,160.18
866,2022-07-29,18869.0,EE00063,1721.28
867,2022-07-29,600.0,MA00021,179.31
868,2022-07-29,1250.0,P114R1AB0600,5149.29
869,2022-07-29,912.0,CAS00068,1806.93
870,2022-07-29,1154.0,CAS00069,4502.25
871,2022-07-29,696.0,CAS00070,263.28
872,2022-07-29,888.0,CAS00071,1291.57
873,2022-07-29,509.0,70001690,1287.37
874,2022-07-29,407.0,70001694,736.0
875,2022-07-29,1939.0,97020238,7848.04
876,2022-07-29,1064.0,TUA00468,991.99
877,2022-08-01,485.0,TP0011,722.0
878,2022-08-01,310.0,TP0012,274.0
879,2022-08-02,1252.0,TUE00368,1712.29
880,2022-08-03,720.0,RPISTOLA01,246.45
881,2022-08-03,1215.5,TUA00222,335.77
882,2022-08-04,185.0,TP0003,744.5
883,2022-08-08,125.0,TP0001,213.97
884,2022-08-08,163.0,TP0003,144.73
885,2022-08-08,238.0,TP0005,292.48
886,2022-08-08,496.0,TP0011,432.6
887,2022-08-08,976.0,ECQ-00971,1587.1
888,2022-08-08,1475.3,ECQ-00972,8744.54
889,2022-08-08,976.0,ECQ-00971,1496.57
890,2022-08-08,1475.3,ECQ-00972,5804.18
891,2022-08-08,3053.25,ECQ-01444,3376.92
892,2022-08-08,155.0,TP0002,125.64
893,2022-08-09,1007.0,PJ31L1H1G400,908.84
894,2022-08-09,853.0,TUS00125,156.55
895,2022-08-10,2359.7,TUA00175,1352.89
896,2022-08-10,1139.86,TUA00471,301.83
897,2022-08-10,720.0,RPISTOLA01,328.6
898,2022-08-10,2464.2,54020219,3406.59
899,2022-08-10,2068.5,93980461,2523.98
900,2022-08-10,413.4,70001691,366.02
901,2022-08-10,785.0,TJ00093,181.44
902,2022-08-10,5909.84,TUA00470,1884.35
903,2022-08-10,2235.9,TUA00467,1257.6
904,2022-08-10,1030.0,TUA00453,3389.64
905,2022-08-11,435.0,BN00264,164.74
906,2022-08-11,5251.28,TUA00469,2121.33
907,2022-08-11,1299.32,BOBINA001,12900.92
908,2022-08-11,1320.0,RP00209,73.01
909,2022-08-11,483.54,TP0018,72.97
910,2022-08-11,155.0,TP0003,72.37
911,2022-08-12,490.0,65014-40,753.85
912,2022-08-12,307.0,67234-15,129.51
913,2022-08-12,661.2,PJ06C1CHB000,31.14
914,2022-08-12,1696.25,TUA00065,1144.25
915,2022-08-12,2290.12,TUA00066,917.05
916,2022-08-15,2278.45,TUE00081,469.69
917,2022-08-15,735.0,TUE00370,1292.21
918,2022-08-15,1587.0,CM65C1020B02,841.34
919,2022-08-15,1598.75,TEA00044,1316.59
920,2022-08-15,2218.0,TEE00024,3449.19
921,2022-08-16,785.0,AK00013,110.45
922,2022-08-16,916.36,TUA00464,5553.86
923,2022-08-16,345.0,TP00007,691.62
924,2022-08-16,787.5,TUE00372,181.42
925,2022-08-17,154.31,TP0002,62.95
926,2022-08-17,120.0,TP0001,48.2
927,2022-08-17,1654.34,BO00047,367.61
928,2022-08-17,2481.59,BO00066,0.0
929,2022-08-17,1130.5,47980626,1831.12
930,2022-08-17,1284.0,TUE00371,249.45
931,2022-08-18,25258.15,TUE00172,2754.67
932,2022-08-18,668.0,TP0007,210.24
933,2022-08-18,758.5,BN00158,120.77
934,2022-08-19,525.0,BO00044,32.46
935,2022-08-19,625.2,TUE00075,262.85
936,2022-08-19,625.2,TUE00198,146.81
937,2022-08-19,155.0,TP0003,78.65
938,2022-08-19,983.0,TUE00122,682.85
939,2022-08-19,535.0,TJ00081,66.88
940,2022-08-19,125.0,TP0001,48.2
941,2022-08-19,155.0,TP0002,62.95
942,2022-08-22,1048.97,TUE00267,6587.67
943,2022-08-22,1056.35,TUA00472,697.4
944,2022-08-22,985.0,TUA00437,485.55
945,2022-08-22,661.2,PJ06C1CHB000,31.14
946,2022-08-23,935.0,PT00011,3719.07
947,2022-08-23,2177.5,TUA00258,2746.25
948,2022-08-23,1991.0,BN00055,548.62
949,2022-08-23,123.0,ABRAZA01,48.02
950,2022-08-23,705.5,TUS00001,405.53
951,2022-08-23,705.5,TUS00002,409.8
952,2022-08-23,606.0,TP0007,1471.68
953,2022-08-23,813.0,TP0016,260.2
954,2022-08-23,764.8,CBS00043,1729.33
955,2022-08-23,265.08,TP0005,97.49
956,2022-08-24,597.0,TP0015,173.0
957,2022-08-24,1551.2,TUA00134,1668.85
958,2022-08-24,1584.6,BN00265,369.86
959,2022-08-25,674.82,RP00212,177.06
960,2022-08-25,18482.78,BOBINA004,5227.2
961,2022-08-26,720.0,RPISTOLA01,389.85
962,2022-08-26,9700.0,BC00029,0.0
963,2022-08-26,653.0,TP00012,223.04
964,2022-08-26,1100.0,TUE00373,87.87
965,2022-08-29,2186.0,TUA00009,2125.57
966,2022-08-29,351.64,MA00001,1444.71
967,2022-08-29,1974.31,EE00067,721.38
968,2022-08-29,2874.31,EE00068,886.73
969,2022-08-29,2215.0,CBE00032,1221.56
970,2022-08-29,462.0,BB1 1/2X1/2-300W,506.0
971,2022-08-30,2218.27,TEE00017,4818.85
972,2022-08-31,612.6,TUE00374,142.04
973,2022-08-31,3200.0,TUE00216,5244.49
974,2022-08-31,781.0,CBS00075,1517.55
975,2022-08-31,1180.0,CS58K2105AA1,2868.3
976,2022-08-31,1475.3,ECQ-00972,6288.76
977,2022-08-31,1144.58,PT00090,7266.24
978,2022-08-31,330.8,TP0025,1846.35
979,2022-08-31,2621.15,TUE00034,2964.18
980,2022-08-31,519.14,TJ00094,239.89
981,2022-08-31,1443.3,TUA00462,470.05
982,2022-08-31,1033.0,TUE00365,217.51
983,2022-08-31,295.0,TK00066,39.22
984,2022-09-02,386.0,TP0004,844.11
985,2022-09-02,813.1,TP0016,260.2
986,2022-09-02,3450.74,TUA00249,1216.54
987,2022-09-02,225.0,TP0003,78.65
988,2022-09-02,2256.35,RC00030,927.84
989,2022-09-05,732.0,TP0016,780.6
990,2022-09-05,745.0,CS34S2075A00,2887.02
991,2022-09-05,864.2,CS34S2100A00,2268.0
992,2022-09-05,999.91,TU5/16X230MM,452.46
993,2022-09-06,1800.0,47980590,693.77
994,2022-09-06,2068.5,93980461,1261.99
995,2022-09-06,3213.0,93980465,1165.13
996,2022-09-06,2464.2,54020219,4271.95
997,2022-09-07,810.0,PT00047,6273.1
998,2022-09-07,1075.31,P25601AB0600,521.55
999,2022-09-07,753.5,CS12N1050A00,1016.9
1000,2022-09-07,497.89,TUS00126,42.8
1001,2022-09-08,2400.0,BC00010,2039.25
1002,2022-09-08,647.0,RB00003,200.26
1003,2022-09-08,647.0,RB00010,1789.82
1004,2022-09-08,562.5,CS12F1040A00,204.63
1005,2022-09-08,813.1,TP0016,520.4
1006,2022-09-08,764.39,CAS00084,1240.49
1007,2022-09-08,941.77,CAS00085,203.69
1008,2022-09-08,669.35,CAS00086,126.54
1009,2022-09-08,863.0,BP00268,136.7
1010,2022-09-08,1045.31,TUA00098,388.11
1011,2022-09-08,901.5,BP00268,136.7
1012,2022-09-08,1064.0,TUA00468,991.99
1013,2022-09-09,1475.3,ECQ-00972,6632.15
1014,2022-09-09,3730.0,ECQ-00974,1388.82
1015,2022-09-09,485.0,TP0011,144.4
1016,2022-09-09,2278.45,TUE00081,873.18
1017,2022-09-09,817.89,TUA00473,176.15
1018,2022-09-12,385.0,BB1 1/2X1/2-300W,253.0
1019,2022-09-12,386.0,TP0004,771.29
1020,2022-09-12,1784.35,TUE00161,337.18
1021,2022-09-12,657.58,CS12J1075A00,429.99
1022,2022-09-12,779.5,CAE00045,633.45
1023,2022-09-12,435.72,TP0008,531.27
1024,2022-09-12,350.41,TP0010,251.36
1025,2022-09-13,327.59,TP0012,57.6
1026,2022-09-13,1250.0,CAS00063,1701.62
1027,2022-09-13,462.0,BB1 1/2X1/2-300W,253.0
1028,2022-09-14,596.0,TUE00376,28.41
1029,2022-09-14,699.5,PK31A1I1A000,2865.87
1030,2022-09-14,799.1,TUS00005,505.21
1031,2022-09-14,150.0,TP0003,1101.12
1032,2022-09-14,500.0,TP0008,1593.82
1033,2022-09-14,960.34,RP00213,91.4
1034,2022-09-14,772.0,RP00214,13.33
1035,2022-09-14,4972.3,TUA00474,1139.58
1036,2022-09-14,1385.0,TUE00094,281.46
1037,2022-09-15,1848.9,TUA00441,406.12
1038,2022-09-15,1209.8,TUA00027,682.82
1039,2022-09-19,345.0,TP00007,697.83
1040,2022-09-19,528.89,CS38H1020A00,136.5
1041,2022-09-19,999.91,TU5/16X230MM,226.23
1042,2022-09-19,999.91,TU5/16X230MM,226.23
1043,2022-09-19,2186.0,TUA00009,1911.36
1044,2022-09-19,264.0,TP0005,97.49
1045,2022-09-19,2660.9,TUE00375,896.15
1046,2022-09-20,22417.6,TUE00378,9353.62
1047,2022-09-20,155.0,TP0003,78.65
1048,2022-09-20,899.0,TUA00475,197.53
1049,2022-09-20,556.7,TUS00127,72.88
1050,2022-09-20,1103.45,PJ31G1AB0600,400.95
1051,2022-09-20,930.0,TUA00476,159.65
1052,2022-09-21,845.29,TEA00105,1108.97
1053,2022-09-22,2465.0,TUA00033,1170.39
1054,2022-09-22,705.5,TUS00001,392.91
1055,2022-09-22,705.5,TUS00002,863.31
1056,2022-09-22,918.0,TEA00017,3013.94
1057,2022-09-22,915.0,TUE00379,239.08
1058,2022-09-22,715.65,TUE00377,309.63
1059,2022-09-22,515.0,TP00008,730.4
1060,2022-09-22,2375.5,TUE00063,876.79
1061,2022-09-22,2080.85,TUE00129,523.53
1062,2022-09-22,1899.18,TUE00334,164.55
1063,2022-09-22,3298.28,RP00001,33387.05
1064,2022-09-22,150.0,TP0003,78.65
1065,2022-09-22,442.75,BB1 1/2X1/2-300W,253.0
1066,2022-09-23,462.0,BB2X2ST,220.0
1067,2022-09-23,1165.95,TUA00459,345.97
1068,2022-09-23,1165.95,TUA00459,345.97
1069,2022-09-23,763.0,CAS00051,286.9
1070,2022-09-23,845.0,CBS00007,669.24
1071,2022-09-23,1615.0,TUE00207,685.68
1072,2022-09-23,1615.0,TUE00207,685.68
1073,2022-09-23,1615.0,TUE00207,685.68
1074,2022-09-23,1615.0,TUE00207,685.68
1075,2022-09-23,485.0,TP0011,288.8
1076,2022-09-23,7780.0,BS00006,16025.97
1077,2022-09-23,7780.0,BS00008,19187.82
1078,2022-09-23,125.0,TP0001,192.79
1079,2022-09-26,132.06,EE00071,170.62
1080,2022-09-26,1853.25,BC00006,2233.68
1081,2022-09-26,852.53,BL00002,110.26
1082,2022-09-26,1790.5,BN00145,310.7
1083,2022-09-26,1900.0,BN00146,507.97
1084,2022-09-26,1280.14,PT00079,477.16
1085,2022-09-26,978.6,PT00083,5185.87
1086,2022-09-26,732.0,TEA00100,681.25
1087,2022-09-26,1800.0,TUE00380,936.33
1088,2022-09-26,1086.23,TUA00053,824.78
1089,2022-09-26,699.38,CS58L2050A00,621.48
1090,2022-09-26,3220.0,PRECA003,6679.11
1091,2022-09-27,5790.0,TUA00189,7194.25
1092,2022-09-27,315.0,TP0012,230.4
1093,2022-09-28,1475.3,ECQ-00972,8663.07
1094,2022-09-29,582.13,TP00010,524.96
1095,2022-09-29,773.06,BN00266,252.21
1096,2022-09-29,6.54,CERAISON-14-28,60.0
1097,2022-09-29,299.8,TP0012,356.56
1098,2022-09-29,1102.75,TUA00247,22555.72
1099,2022-09-29,155.0,TP0002,188.86
1100,2022-09-30,1330.35,TUE00184,652.49
1101,2022-09-30,17393.06,TUE00382,12146.99
1102,2022-09-30,825.0,TUA00436,3329.01
1103,2022-09-30,1283.8,AK00010,131.36
1104,2022-09-30,18869.0,EE00063,6885.12
1105,2022-09-30,581.46,CS58D2030A00,289.73
1106,2022-09-30,555.06,CS12D2030A00,192.34
1107,2022-09-30,3545.43,TUA00200,6402.83
1108,2022-09-30,1370.74,TUE00383,328.39
1109,2022-09-30,1018.0,TUA00477,273.77
1110,2022-09-30,817.79,CS38D1017B00,266.08
1111,2022-09-30,530.64,CAS00013,1300.94
1112,2022-10-04,732.0,TP0016,222.0
1113,2022-10-04,210.0,TP0025,90.91
1114,2022-10-04,305.5,TP0026,113.59
1115,2022-10-04,485.0,TP0011,577.6
1116,2022-10-04,965.4,TEA00106,413.55
1117,2022-10-04,606.0,TP0007,1182.99
1118,2022-10-04,398.0,TP0026,1136.37
1119,2022-10-04,1157.93,BL00060,187.54
1120,2022-10-04,4500.0,TUE00381,1088.23
1121,2022-10-04,699.52,BP00183,133.59
1122,2022-10-05,462.0,BB2X2ST,220.0
1123,2022-10-05,299.8,TP0012,178.63
1124,2022-10-06,155.0,TP0002,125.91
1125,2022-10-06,2533.27,RP00216,0.0
1126,2022-10-06,2359.7,TUA00175,1352.89
1127,2022-10-07,772.6,BP00269,49.16
1128,2022-10-07,462.07,BB2X2ST,880.0
1129,2022-10-07,1194.66,EE00072,0.0
1130,2022-10-07,932.0,BN00267,415.38
1131,2022-10-07,730.8,BN00268,253.04
1132,2022-10-07,1911.0,RP00220,329.0
1133,2022-10-10,1572.45,TUA00124,1800.09
1134,2022-10-10,485.0,TP0011,1444.0
1135,2022-10-10,1127.46,TUA00478,2131.82
1136,2022-10-11,1800.0,47980590,2392.5
1137,2022-10-11,1130.5,47980626,421.11
1138,2022-10-12,675.97,BP00259,89.76
1139,2022-10-12,730.17,BP00260,72.34
1140,2022-10-12,1677.0,TUE00112,5213.9
1141,2022-10-12,2445.0,TUE00113,8135.45
1142,2022-10-12,698.0,CS38H1040A11,0.0
1143,2022-10-12,1475.3,ECQ-00972,6310.2
1144,2022-10-12,3053.25,ECQ-01444,1921.52
1145,2022-10-12,899.0,TUA00475,197.53
1146,2022-10-13,619.5,TUS00109,460.25
1147,2022-10-13,699.5,TUE00385,70.7
1148,2022-10-14,650.0,TU5/16X215V240W,316.45
1149,2022-10-14,413.4,70001691,559.81
1150,2022-10-14,415.0,70001693,1007.01
1151,2022-10-14,407.0,70001694,1247.67
1152,2022-10-14,541.25,70001696,1321.62
1153,2022-10-14,708.0,70001697,972.31
1154,2022-10-14,488.0,70001698,1192.74
1155,2022-10-14,1615.25,70007685,521.21
1156,2022-10-17,2056.2,TUE00207,1758.97
1157,2022-10-17,662.57,BP00270,47.84
1158,2022-10-17,815.07,BP00271,99.37
1159,2022-10-17,876.98,BP00272,142.2
1160,2022-10-17,588.0,BP00273,39.85
1161,2022-10-18,792.11,CAS00083,1314.54
1162,2022-10-18,798.79,CAS00084,1376.26
1163,2022-10-18,984.15,CAS00085,203.69
1164,2022-10-18,699.47,CAS00086,126.29
1165,2022-10-18,705.5,TUS00001,382.87
1166,2022-10-18,2895.47,TUA00021,6716.37
1167,2022-10-18,670.69,TU5/16X203V240W,331.33
1168,2022-10-18,1466.21,TUE00386,379.55
1169,2022-10-19,1026.8,CAS00073,494.02
1170,2022-10-19,1165.0,CAS00074,1475.75
1171,2022-10-19,485.0,RP00222,67.84
1172,2022-10-19,5765.49,TUA00057,4993.3
1173,2022-10-19,3890.0,BS00006,10806.45
1174,2022-10-19,720.0,RPISTOLA01,650.58
1175,2022-10-19,195.0,TP0003,472.05
1176,2022-10-20,1018.0,TEA00107,414.84
1177,2022-10-20,1018.0,TEA00107,829.67
1178,2022-10-20,906.05,BN00269,117.24
1179,2022-10-20,609.84,TP0015,173.0
1180,2022-10-20,813.1,TP0016,222.0
1181,2022-10-20,353.45,TP0012,57.6
1182,2022-10-20,925.0,TUA00063,436.67
1183,2022-10-20,805.5,BO00067,57.07
1184,2022-10-21,553.0,CS12C1025A00,775.7
1185,2022-10-21,840.0,MR8-250-11-13,800.11
1186,2022-10-21,4769.0,TUA00463,3863.23
1187,2022-10-21,565.4,CS12G1040A00,271.25
1188,2022-10-21,1219.74,CBE00012,3016.4
1189,2022-10-21,1022.67,CBE00040,1282.59
1190,2022-10-21,1386.16,TUA00049,2913.27
1191,2022-10-24,790.0,BP00259,89.76
1192,2022-10-24,790.0,BP00260,72.34
1193,2022-10-24,852.0,BP00274,150.44
1194,2022-10-24,755.0,BP00275,53.71
1195,2022-10-24,852.0,BP00276,108.81
1196,2022-10-24,2400.0,BC00010,1416.65
1197,2022-10-24,620.2,TEA00108,170.55
1198,2022-10-24,1642.35,TUA00480,926.71
1199,2022-10-24,8121.2,TUA00479,3280.08
1200,2022-10-24,742.45,TEA00110,166.83
1201,2022-10-25,1208.25,TUE00258,93.2
1202,2022-10-25,1208.25,TUE00258,93.2
1203,2022-10-25,2529.4,BC00030,5304.97
1204,2022-10-25,608.36,BP00277,176.5
1205,2022-10-25,636.38,BP00278,170.28
1206,2022-10-25,1070.6,BN00270,350.67
1207,2022-10-25,462.0,BB2X2ST,1200.0
1208,2022-10-26,125.0,TP0001,96.4
1209,2022-10-26,545.0,CS14K2040A00,76.84
1210,2022-10-26,585.0,CS14L2040A00,106.65
1211,2022-10-26,488.0,TP0006,253.43
1212,2022-10-26,1098.74,CAS00087,1412.1
1213,2022-10-26,1177.25,CAS00088,277.2
1214,2022-10-26,601.5,TEA00109,145.23
1215,2022-10-26,5901.45,BL00061,1047.18
1216,2022-10-27,691.7,TP0008,531.27
1217,2022-10-27,521.04,TP0009,820.82
1218,2022-10-27,350.41,TP0010,502.72
1219,2022-10-27,378.26,PJ31C1C1B000,198.45
1220,2022-10-27,132.06,EE00071,426.55
1221,2022-10-27,155.0,TP0003,78.68
1222,2022-10-27,4769.0,TUA00463,1931.62
1223,2022-10-28,745.69,RP00227,78.38
1224,2022-10-28,1089.35,TUA00481,332.12
1225,2022-10-28,1089.35,TUA00481,332.12
1226,2022-10-28,18869.0,EE00063,6885.12
1227,2022-10-28,768.5,TUS00048,63.09
1228,2022-10-28,155.0,TP0002,125.91
1229,2022-10-31,623.37,TUS00113,139.11
1230,2022-10-31,153.25,TP0002,62.95
1231,2022-10-31,691.68,TP0008,531.27
1232,2022-10-31,429.25,PJ18D2E1A410,81.99
1233,2022-10-31,986.0,TUA00482,1414.5
1234,2022-10-31,545.0,CM10I2040A00,253.47
1235,2022-10-31,1075.31,P25601AB0600,521.55
1236,2022-10-31,175.31,TP0003,1141.15
1237,2022-10-31,611.8,TP0008,634.09
1238,2022-10-31,9499.6,EE00075,544.48
1239,2022-11-01,155.0,TP0002,62.95
1240,2022-11-01,120.0,TP0001,48.2
1241,2022-11-01,753.5,CS12N1050A00,762.68
1242,2022-11-03,812.93,CS58O2050A00,290.03
1243,2022-11-03,1364.0,RP00225,0.0
1244,2022-11-04,155.0,TP0002,251.81
1245,2022-11-04,792.11,CAS00083,1314.54
1246,2022-11-04,798.79,CAS00084,963.38
1247,2022-11-04,984.15,CAS00085,5092.2
1248,2022-11-04,699.47,CAS00086,126.29
1249,2022-11-04,669.55,TUS00016,395.3
1250,2022-11-04,669.55,TUS00017,449.36
1251,2022-11-04,669.55,TUS00018,598.95
1252,2022-11-04,2481.59,BO00066,0.0
1253,2022-11-04,17450.0,RP00192,0.2
1254,2022-11-07,155.0,TP0002,102.71
1255,2022-11-07,190.0,TP0003,136.41
1256,2022-11-07,2566.15,TEE00017,2328.4
1257,2022-11-07,2042.41,TUA00484,2654.96
1258,2022-11-08,486.0,TUE00384,18.45
1259,2022-11-08,1532.05,TUA00483,679.81
1260,2022-11-08,4810.0,EE00077,1327.51
1261,2022-11-08,1800.18,CBS00001,7445.6
1262,2022-11-08,462.0,BB1 1/2X1/2-300W,278.0
1263,2022-11-08,325.0,TP0025,96.83
1264,2022-11-09,635.97,BP00259,89.76
1265,2022-11-09,730.17,BP00260,72.34
1266,2022-11-10,439.66,PJ14R1B40A00,420.67
1267,2022-11-10,2359.7,TUA00175,1606.58
1268,2022-11-10,976.0,ECQ-00971,770.19
1269,2022-11-10,1475.3,ECQ-00972,6323.81
1270,2022-11-10,900.0,P231E1AB0600,0.0
1271,2022-11-10,945.0,P231J1AB0600,518.43
1272,2022-11-10,2914.4,CBS00092,5553.94
1273,2022-11-11,951.04,BL00062,626.65
1274,2022-11-11,120.0,TP0002,337.86
1275,2022-11-11,1086.48,TUE00387,202.67
1276,2022-11-11,315.0,TP0012,115.2
1277,2022-11-11,12500.0,TUA00325,9208.38
1278,2022-11-14,1417.1,TUA00486,408.31
1279,2022-11-14,720.0,RPISTOLA01,778.18
1280,2022-11-15,863.14,BP00279,514.21
1281,2022-11-15,650.0,TU5/16X203V,1628.92
1282,2022-11-15,825.0,TUA00436,1664.51
1283,2022-11-15,610.0,TUS00128,197.83
1284,2022-11-15,610.0,TUS00129,178.15
1285,2022-11-15,610.0,TUS00130,171.15
1286,2022-11-15,120.13,TP0001,48.2
1287,2022-11-15,165.51,TP0024,48.1
1288,2022-11-15,27808.0,EE00022,654.34
1289,2022-11-15,519.0,TK00028,156.48
1290,2022-11-16,993.12,RP00223,85.31
1291,2022-11-16,1366.13,TUE00388,2369.31
1292,2022-11-16,1545.0,BO00061,539.86
1293,2022-11-16,983.0,TUE00122,387.85
1294,2022-11-16,435.72,TP0040,153.85
1295,2022-11-16,1699.0,CAS00089,2514.71
1296,2022-11-16,14000.0,RP00165,277.5
1297,2022-11-17,6591.1,TUE00389,1541.46
1298,2022-11-17,1289.0,TJ00037,519.45
1299,2022-11-17,862.5,TP0022,662.99
1300,2022-11-17,462.0,TP0040,153.85
1301,2022-11-17,1223.38,TUA00485,264.62
1302,2022-11-18,1045.31,TUA00098,597.15
1303,2022-11-18,1270.84,TUA00468,991.99
1304,2022-11-18,669.0,TP0005,194.99
1305,2022-11-18,125.0,TP0001,96.4
1306,2022-11-18,155.0,TP0002,126.62
1307,2022-11-18,190.0,TP0003,65.16
1308,2022-11-18,561.7,TJ00095,308.87
1309,2022-11-18,542.65,TJ00096,257.43
1310,2022-11-22,485.0,TP0011,1444.0
1311,2022-11-22,315.0,TP0012,115.2
1312,2022-11-22,1056.55,CBS00019,2692.66
1313,2022-11-23,2665.0,TUA00191,1318.1
1314,2022-11-23,717.87,TP0022,662.99
1315,2022-11-23,691.7,TP0008,372.32
1316,2022-11-23,521.04,TP0009,410.41
1317,2022-11-23,350.41,TP0010,502.72
1318,2022-11-23,3788.69,TUE00391,483.02
1319,2022-11-24,125.0,TP0001,48.2
1320,2022-11-24,9981.1,TEE00012,2499.93
1321,2022-11-24,958.3,BN00271,157.64
1322,2022-11-24,802.0,RP00228,63.9
1323,2022-11-24,5309.11,TUA00487,1292.27
1324,2022-11-24,696.0,TUE00390,60.89
1325,2022-11-24,1801.38,P114Q1H90412,3985.6
1326,2022-11-24,2360.0,P251L1J1B000,3845.43
1327,2022-11-25,1800.18,CBS00001,11843.56
1328,2022-11-25,3890.0,BS00006,5618.0
1329,2022-11-25,3890.0,BS00008,6802.89
1330,2022-11-25,195.0,TP0003,886.28
1331,2022-11-25,728.43,BB00103,337.07
1332,2022-11-25,1475.3,ECQ-00972,6026.11
1333,2022-11-25,1318.7,TUE00195,919.68
1334,2022-11-25,1009.65,CBS00106,286.34
1335,2022-11-28,827.59,TU5/16X870J127V,227.18
1336,2022-11-28,873.75,CAE00046,137.33
1337,2022-11-28,735.0,CM16I2090A00,139.65
1338,2022-11-29,2177.5,TUA00258,1680.81
1339,2022-11-30,1545.0,BO00061,539.86
1340,2022-11-30,2220.7,TUE00142,448.24
1341,2022-11-30,3643.7,TUA00490,0.0
1342,2022-11-30,1512.12,TUA00491,0.0
1343,2022-11-30,1800.69,BN00272,328.36
1344,2022-11-30,1158.51,BB00102,78.25
1345,2022-11-30,909.56,CAS00044,2031.23
1346,2022-11-30,955.38,CAE00045,633.45
1347,2022-11-30,710.0,CS12C1025A00,775.7
1348,2022-11-30,1385.5,TUE00166,140.88
1349,2022-11-30,123.0,ABRAZA01,213.85
1350,2022-12-05,980.0,47980249,1806.71
1351,2022-12-05,980.0,47980249,2695.79
1352,2022-12-05,1130.5,47980626,499.2
1353,2022-12-05,155.0,TP0003,237.03
1354,2022-12-05,620.35,TEA00095,762.35
1355,2022-12-05,13688.0,RP00229,0.0
1356,2022-12-05,2220.7,TUE00142,293.13
1357,2022-12-06,1121.7,CAE00047,291.13
1358,2022-12-06,1302.15,TUE00392,196.44
1359,2022-12-06,485.0,TP0011,288.8
1360,2022-12-07,18482.78,BO00005,1734.88
1361,2022-12-07,1457.2,CBS00092,11537.18
1362,2022-12-07,123.0,ABRAZA01,213.85
1363,2022-12-08,2056.2,TUE00207,1864.79
1364,2022-12-08,315.0,TP0012,57.6
1365,2022-12-08,1475.3,ECQ-00972,6311.82
1366,2022-12-08,355.0,TEA00006,1190.47
1367,2022-12-08,1385.9,TUS00131,0.0
1368,2022-12-08,1613.26,TEA00111,6681.26
1369,2022-12-09,420.0,TUS00052,150.59
1370,2022-12-09,1166.63,TUA00401,720.39
1371,2022-12-09,576.65,TUE00206,733.23
1372,2022-12-09,485.0,TP0011,144.4
1373,2022-12-09,315.0,TP0012,172.8
1374,2022-12-09,3045.5,TUA00489,0.0
1375,2022-12-13,689.63,TU5/16X870J127V,227.18
1376,2022-12-13,3416.0,CS14D2017B20,444.27
1377,2022-12-13,815.0,TP0016,222.0
1378,2022-12-13,1449.3,TUA00488,1364.17
1379,2022-12-13,395.29,TP0005,584.96
1380,2022-12-13,266.0,TP0004,389.19
1381,2022-12-13,655.5,TP0008,1226.13
1382,2022-12-13,1435.2,CBS00107,355.52
1383,2022-12-14,2278.45,TUE00081,414.88
1384,2022-12-14,1110.0,TUE00393,166.8
1385,2022-12-14,2056.2,TUE00207,2345.29
1386,2022-12-15,3053.25,ECQ-01444,4968.0
1387,2022-12-15,4810.0,EE00077,2212.51
1388,2022-12-15,976.0,ECQ-00971,721.39
1389,2022-12-15,3730.0,ECQ-00974,1311.27
1390,2022-12-15,3053.25,ECQ-01444,3866.04
1391,2022-12-16,3090.0,BO00061,1079.71
1392,2022-12-16,410.0,TP0012,57.6
1393,2022-12-19,11809.98,TUA00494,2335.2
1394,2022-12-20,2494.8,TUA00433,3722.84
1395,2022-12-20,700.0,TU5/16X203V,651.57
1396,2022-12-20,478.0,PT00091,198.93
1397,2022-12-20,792.11,CAS00083,3417.8
1398,2022-12-20,798.79,CAS00084,1376.26
1399,2022-12-20,729.57,PJ31A1I1A000,1160.05
1400,2022-12-20,737.62,PJ31A1I1A400,1181.01
1401,2022-12-21,1357.5,CS58R2200A01,4055.46
1402,2022-12-21,1325.07,TUA00493,0.0
1403,2022-12-22,1981.88,CBS00109,5337.9
1404,2022-12-22,3730.0,ECQ-00974,1392.92
1405,2022-12-22,488.0,70001698,1073.25
1406,2022-12-22,759.0,CAS00035,2726.1
1407,2022-12-22,5668.99,RP00230,1319.88
1408,2022-12-22,2300.0,RP00231,99.68
1409,2022-12-22,2959.68,TUA00492,7120.54
1410,2022-12-22,732.0,TP0016,635.0
1411,2022-12-22,1000.0,TU5/16X230MM,226.23
1412,2022-12-23,12500.0,TUA00325,4579.08
1413,2022-12-23,1897.27,RB00007,390.43
1414,2022-12-23,510.0,TP00018,153.49
1415,2022-12-23,1888.0,BP00006,1767.02
1416,2022-12-23,439.15,PJ31Q1G1A400,369.62
1417,2022-12-23,925.82,BL00002,130.63
1418,2022-12-23,1910.5,BN00145,572.25
1419,2022-12-23,2020.42,BN00146,843.82
1420,2022-12-23,1177.07,PT00079,954.32
1421,2022-12-23,712.0,CS12F1040A00,613.88
1422,2022-12-23,718.6,CS12H1050A00,628.12
1423,2022-12-23,2182.35,TUE00394,1789.64
1424,2022-12-23,5909.84,TUA00470,1884.35
1425,2022-12-23,1406.0,RB00007,806.55
